Date,Pdf Link,Description,Severity,Reason,,,
20.12.2023,https://www.bsu-bund.de//SharedDocs/pdf/EN/Investigation_Report/2023/Investigation_Report_343_22.pdf?__blob=publicationFile&v=2,Allision with the Old Kattwyk bridge by FAIRPLAY 82 on 21 July 2022,medium,예인선 운항 지연으로 항만 운영에 차질,,,
19.12.2023,https://www.bsu-bund.de//SharedDocs/pdf/EN/Investigation_Report/2023/Summary_Investigation_Report_359_22_and_213_22.pdf?__blob=publicationFile&v=2,Accidents involving a person on board the ROBIN HOOD in the Baltic Sea on 19 June 2022 and on 26 June 2022,,,,,359-22
08.12.2023,https://www.bsu-bund.de//SharedDocs/pdf/EN/Investigation_Report/2023/Interim_Investigation_Report_600_22.pdf?__blob=publicationFile&v=2,Grounding of the PARANA on the Ems on 9 December 2022,low,선체 손상 등 큰 영향 없음,,,600-22
30.11.2023,https://www.bsu-bund.de//SharedDocs/pdf/EN/Investigation_Report/2023/Interim_Investigation_Report_582_22.pdf?__blob=publicationFile&v=2,"Allision of a mobile harbour crane, transported on the heavy-lift vessel MERI, with two overhead bridge constructions crossing the Kiel Canalon 30 November 2022",high,"다리와 충돌로 운하 통과 선박 운항 지연, 대체 경로 필요",,,582-22
15.11.2023,https://www.bsu-bund.de//SharedDocs/pdf/EN/Investigation_Report/2023/Summary_Investigation_Report_284_21.pdf?__blob=publicationFile&v=2,Allision with a Pier Involving the Use of an Automatic Steering Control System by the Motor Yacht SANTA CECILIA in the Port of Hamburg on 5 September 2021 as well as Four other Accidents of Recreational Craft in Conjunction with Automatic Steering Control Systems,,,,,284-21
15.09.2023,https://www.bsu-bund.de//SharedDocs/pdf/EN/Investigation_Report/2023/Investigation_Report_300_21.pdf?__blob=publicationFile&v=2,Fire in the engine compartment with subsequent foundering of the fishing vessel FREYJA in Schleswig-Holstein's Wadden Sea during the night of 17 to 18 September 2021,low,어선사고로 물류영향 없음,,,300-21
02.08.2023,https://www.bsu-bund.de//SharedDocs/pdf/EN/Investigation_Report/2023/Interim_Investigation_Report_380_22.pdf?__blob=publicationFile&v=2,Fatal occupational accident on board the bulk carrier PETER OLDENDORFF in the port of Mukran on 3 August 2022,low,선박 내 사망사고로 물류 영향 없음,,,380-22
19.07.2023,https://www.bsu-bund.de//SharedDocs/pdf/EN/Investigation_Report/2023/Interim_Investigation_Report_343_22.pdf?__blob=publicationFile&v=2,Allision of the Kattwyk bridge by FAIRPLAY 82 on 21 July 2022,medium,다리 충돌고 항만 운영 일부 중단,,,343-22
01.06.2023,https://www.bsu-bund.de//SharedDocs/pdf/EN/Investigation_Report/2023/Investigation_Report_138_22.pdf?__blob=publicationFile&v=2,Person Over Board Resulting in Fatality on Board the Sailing Yacht SPEEDY GO on the Flensburg Firth on 8 April 2022,low,요트 사고로 물류 영향 없음,,,138-22
25.05.2023,https://www.bsu-bund.de//SharedDocs/pdf/EN/Investigation_Report/2023/Investigation_Report_236_20.pdf?__blob=publicationFile&v=2,Fire in the main engine scavenge air duct on board the EBBA MAERSK on 29 July 2020,low,항행에 큰 변화 없음,,,236-20
05.05.2023,https://www.bsu-bund.de//SharedDocs/pdf/EN/Investigation_Report/2023/Summary_Investigation_Report_6_22.pdf?__blob=publicationFile&v=2,Serious accident involving a person while a mooring line was being handled on the tug ZP BOXERin the port of Hamburg on 4 January 2022,low,사망사고 물류영향 없음,,,06__22
29.03.2023,https://www.bsu-bund.de//SharedDocs/pdf/EN/Investigation_Report/2023/Interim_Investigation_Report_108_22.pdf?__blob=publicationFile&v=2,Cargo fire on the LASCOMBES in the connecting port of Bremerhaven on 1 April 2022,high,항만 내 사고로 선박 대기 및 항만 운영 중단 발생,,,108-22
21.03.2023,https://www.bsu-bund.de//SharedDocs/pdf/EN/Investigation_Report/2023/Interim_Investigation_Report_97_22.pdf?__blob=publicationFile&v=2,Collision between the PAIVI and the BJOERKOE in the Kiel Canal on 29 March 2022,high,선박 충돌로 수십척의 선박 운영 중단,,,97_22
24.02.2023,https://www.bsu-bund.de//SharedDocs/pdf/EN/Investigation_Report/2023/Interim_Investigation_Report_138_22.pdf?__blob=publicationFile&v=2,Person Over Board Resulting in Fatality on Board the Sailing Yacht SPEEDY GO on the Flensburg Firth on 8 April 2022,low,요트 사고로 물류 영향 없음,,,138-22
01.02.2023,https://www.bsu-bund.de//SharedDocs/pdf/EN/Investigation_Report/2023/Interim_Investigtion_Report_37_22.pdf?__blob=publicationFile&v=2,Grounding of MUMBAI MAERSK while entering the Weser fairway on 2 February 2022,low,"선박 좌초됐으나, 다른 선박에 영향 없음",,,37_22
29.03.2023,https://www.bsu-bund.de//SharedDocs/pdf/EN/Investigation_Report/2022/Investigation_Report_276_21.pdf?__blob=publicationFile&v=2,Foundering of the sailing boat SILJA and death of a crew member in the Accumer Ee tidal inlet on 26 August 2021,low,요트 사고로 물류 영향 없음,,,276-21
20.12.2022,https://www.bsu-bund.de//SharedDocs/pdf/EN/Investigation_Report/2022/Investigation_Report_301_21.pdf?__blob=publicationFile&v=2,Foundering of the fishing vessel RAMONA in the mouth of the River Elbe on 21 September 2021,low,어선사고로 물류영향 없음,,,301-21
30.11.2022,https://www.bsu-bund.de//SharedDocs/pdf/EN/Investigation_Report/2022/Investigation_Report_261_20.pdf?__blob=publicationFile&v=2,Fire in the engine room on board the ferry BERLIN in the access to the port of Rostock on 13 August 2020,low,"여객선 사고, 물류영향 없음",,,261-20
26.10.2022,https://www.bsu-bund.de//SharedDocs/pdf/EN/Investigation_Report/2022/Investigation_Report_285_20.pdf?__blob=publicationFile&v=2,Allision with a lock gate at Kiel-Holtenau on the Kiel Canal (NOK) by the multi-purpose vessel ELSE on 29 August 2020,,,,,285-20
29.09.2022,https://www.bsu-bund.de//SharedDocs/pdf/EN/Investigation_Report/2022/Interim_Investigation_Report_301_21.pdf?__blob=publicationFile&v=2,Foundering of the fishing vessel RAMONA in the Elbe estuary on 21 September 2021,low,공해상에서 발생한 사고로 항만운영에 영향 없음,,,301-21
22.09.2022,https://www.bsu-bund.de//SharedDocs/pdf/EN/Investigation_Report/2022/Investigation_Report_103_21.pdf?__blob=publicationFile&v=2,Personnel Accident with Subsequent Loss of Life on board the Container Ship SEOUL EXPRESS at Sea between Manzanillo and Long Beach on 27 March 2021,,,,,103-21
21.09.2022,https://www.bsu-bund.de//SharedDocs/pdf/EN/Investigation_Report/2022/Interim_Investigation_Report_300_21.pdf?__blob=publicationFile&v=2,Fire in the engine room with subsequent foundering of the fishing vessel FREYJA in Schleswig-Holstein's Wadden Sea during the night of 17 to 18 September 2021,low,어선 기관실 화재로 물류영향 없음,,,300-21
16.08.2022,https://www.bsu-bund.de//SharedDocs/pdf/EN/Investigation_Report/2022/Summary_Investigation_Report_218_21.pdf?__blob=publicationFile&v=2,Towing of the small vessel T횜WI VI after failure of the outboard motor on the voyage from Juist to Norddeich on 20 July 2021,low,선박 엔진고장 물류영향 없음,,,218-21
09.05.2022,https://www.bsu-bund.de//SharedDocs/pdf/EN/Investigation_Report/2022/Investigation_Report_117_20.pdf?__blob=publicationFile&v=2,Collision between the coastal motor vessel SCHELDEBANK and Kiel Canal (NOK) ferry HOCHDONN on 8 May 2020,medium,선박과 페리선 충돌로 항만 일부 중단,,,117-20
07.04.2022,https://www.bsu-bund.de//SharedDocs/pdf/EN/Investigation_Report/2022/Investigation_Report_282_20.pdf?__blob=publicationFile&v=2,Grounding of the RUBINA after steering gear failure on the River Weser on 27 August 2020,medium,선박 좌초로 해당 항로 사용 중단 및 우회 조치,,,282-20
25.03.2022,https://www.bsu-bund.de//SharedDocs/pdf/EN/Investigation_Report/2022/Interim_Investigation_Report_103_21.pdf?__blob=publicationFile&v=2,Accident with Subsequent Loss of Life on Board the Containership SEOUL EXPRESS at Sea between Manzanillo and Long Beach on 27 March 2021,low,선박 내 사망사고로 물류 영향 없음,,,103-21
16.03.2022,https://www.bsu-bund.de//SharedDocs/pdf/EN/Investigation_Report/2022/Interim_Investigation_Report_95_21.pdf?__blob=publicationFile&v=2,Allision with pier/dry dock by the Vehicles Carrier ENDURANCE after a line parted in Bremerhaven on 13 March 2021,high,부두 사고 및 복구로 항만 운영 중단,,,95-21
01.02.2022,https://www.bsu-bund.de//SharedDocs/pdf/EN/Investigation_Report/2022/Summary_of_responses_MSC_ZOE_final_version.pdf?__blob=publicationFile&v=2,Report on the implementation of the safety recommendations of the joint investigation report of 25 June 2020(Container overboard from the MSC ZOE 01 - 02 January 2019),,,,,
21.12.2021,https://www.bsu-bund.de//SharedDocs/pdf/EN/Investigation_Report/2021/Investigation_Report_23_20.pdf?__blob=publicationFile&v=2,"Cargo-related accident (loss of two mobile cranes) on the JUMBO VISION at berth in the port of Rostock on 31 January 2020Annex Hydraulics Report Prof. Wirz TUHH혻(PDF, 1MB, Barrier-free file)Annex Stability report Prof. Kr체ger TUHH혻(PDF, 2MB, Barrier-free file)",medium,항만 시설사고로 항만 운영 중단,,,23-20
25.11.2021,https://www.bsu-bund.de//SharedDocs/pdf/EN/Investigation_Report/2021/Investigation_Report_405_20.pdf?__blob=publicationFile&v=2,"Allision with a quay wall by the tanker NORTHSEA RATIONAL in Hamburg on 25 November 2020Annex Expert report Prof. Wirz TUHH혻(PDF, 483KB, Barrier-free file)Annex Expert report Prof.Ackermann혻(PDF, 828KB, Barrier-free file)Annex 52027-1 Inspection report MQE혻(PDF, 6MB, Barrier-free file)",high,선박과 부두 충돌로 일부 항만 폐쇄,,,405-20
14.09.2021,https://www.bsu-bund.de//SharedDocs/pdf/EN/Investigation_Report/2021/Investigation_Report_452_19.pdf?__blob=publicationFile&v=2,"Accident with subsequent Loss of Life on board SAJIR in the Roadstead off Ningbo (China) on 19 December 2019Annex 9.1 Safe Manning Certificate혻(PDF, 163KB, Barrier-free file)Annex 9.2 A.1047(27) Principles of Minimum Safe Manning혻(PDF, 111KB, Barrier-free file)Annex 9.3 MSC.1-Circ.1164-Rev.23혻(PDF, 454KB, Barrier-free file)Annex 9.4 ISM Position Responsibilities Bosun AB OS혻(PDF, 427KB, Barrier-free file)Annex 9.5 Emergency folder on traumatic events혻(PDF, 4MB, Not barrier-free file.)Annex 9.6 Fleet Circular혻(PDF, 343KB, Barrier-free file)",,,,,452-19
27.08.2021,https://www.bsu-bund.de//SharedDocs/pdf/EN/Investigation_Report/2021/Interim_Investigation_Report_285_20.pdf?__blob=publicationFile&v=2,Allision of the multi-purpose-ship ELSE with a lock gate of the Kiel Canal in Kiel-Holtenau on 29 August 2020,high,부두와 직접 충돌로 항만 운영 중단,,,285-20
26.08.2021,https://www.bsu-bund.de//SharedDocs/pdf/EN/Investigation_Report/2021/Interim_Investigation_Report_282_20.pdf?__blob=publicationFile&v=2,Grounding of the RUBINA after steering gear failure on the river Weser on 27 August 2020,medium,선박 좌초로 일부 항로 운영 영향,,,282-20
27.07.2021,https://www.bsu-bund.de//SharedDocs/pdf/EN/Investigation_Report/2021/Investigation_Report_338_19.pdf?__blob=publicationFile&v=2,Fire in the engine room on board the multi-purpose carrier KELLY with one deceased and two injured crew members on the River Elbeon 6 September 2019,medium,선박 사고로 일부 항로 폐쇄,,,338-19
08.07.2021,https://www.bsu-bund.de//SharedDocs/pdf/EN/Investigation_Report/2021/Interim_Investigation_Report_236_20.pdf?__blob=publicationFile&v=2,Fire in the main engine scavenge air receiver on board the EBBA MAERSK on 29 July 2020,low,"선박 내 화재사고, 물류영향 없음",,,236-20
01.07.2021,https://www.bsu-bund.de//SharedDocs/pdf/EN/Investigation_Report/2021/Investigation_Report_74_20.pdf?__blob=publicationFile&v=2,Catamaran SEEWIND I suddenly pitches into a wave in the North Sea with ensuing physical injuries and damage on 3 July 2020,low,"선박 일부 손상됐으나, 일정 영향 없음",,,74-20
02.06.2021,https://www.bsu-bund.de//SharedDocs/pdf/EN/Investigation_Report/2021/Investigation_Report_211_19.pdf?__blob=publicationFile&v=2,Collision between traditional vessel No 5 ELBE and container vessel ASTROSPRINTER on the River Elbe on 8 June 2019,medium,선박 간 충돌로 선박 항행 일시적 중단 및 물류지연 발생,,,211-19
23.03.2021,https://www.bsu-bund.de//SharedDocs/pdf/EN/Investigation_Report/2021/Summary_Investigation_Report_415_19.pdf?__blob=publicationFile&v=2,Failure of a head line on the chemical tanker THEMSESTERN in the Kiel-Holtenau lock on the Kiel Canal (NOK) on 30 November 2019 with three linesmen slightly injured,,,,,415-19
01.02.2021,https://www.bsu-bund.de//SharedDocs/pdf/EN/Investigation_Report/2021/Investigation_Report_20_20.pdf?__blob=publicationFile&v=2,Fatal person-overboard accident involving a crew member of the fishing vessel HELEN MARY in the North Atlantic on 30 January 2020,low,어선 승무원 사망 사고 영향 없음,,,20_20
12.02.2021,https://www.bsu-bund.de//SharedDocs/pdf/EN/Investigation_Report/2020/Investigation_Report_12_16.pdf?__blob=publicationFile&v=2,Collision between the Rendsburg transporter bridge and freighter EVERT PRAHM with subsequent grounding of the EVERT PRAHM on 8 January 2016,high,선박과 다리 충돌로 운하 운영 중단',,,12_16
18.12.2020,https://www.bsu-bund.de//SharedDocs/pdf/EN/Investigation_Report/2020/Interim_Investigation_Report_452_19.pdf?__blob=publicationFile&v=2,Accident with subsequent loss of life on board the SAJIR in the roadstead off Ningbo (China) on 19 December 2019,low,선내 사망사고로 영향 없음,,,452_19
17.12.2020,https://www.bsu-bund.de//SharedDocs/pdf/EN/Investigation_Report/2020/Investigation_Report_19_19.pdf?__blob=publicationFile&v=2,"Accident involving a person on the multi-purpose vessel MARFAAM at the R체sterbergen pilot station on the Kiel Canal (NOK) on 13 January 2019Annex 9.1 SOLAS혻(PDF, 272KB, Barrier-free file)Annex 9.2 SOLAS recommendation혻(PDF, 281KB, Barrier-free file)Annex 9.3 Poster혻(PDF, 379KB, Barrier-free file)Annex 9.4 IMPA혻(PDF, 9MB, Barrier-free file)",low,선내 사망사고로 영향 없음,,,19_19
11.12.2020,https://www.bsu-bund.de//SharedDocs/pdf/EN/Investigation_Report/2020/Summary_Investigation_Report_283_16.pdf?__blob=publicationFile&v=2,Water ingress in the RoPax ferry BERLIN's forepeak after an allision with the fender system in the port of Gedser (DK) on 30 July 2016,,,,,283-16
09.12.2020,https://www.bsu-bund.de//SharedDocs/pdf/EN/Investigation_Report/2020/Summary_Investigation_Report_182_20.pdf?__blob=publicationFile&v=2,Deflagration on the Danish sail training ship DANMARK off Fehmarn on 30 June 2020,low,선내 화재사고 물류영향 없음,,,182_20
06.10.2020,https://www.bsu-bund.de//SharedDocs/pdf/EN/Investigation_Report/2020/Summary_Investigation_Report_129_20.pdf?__blob=publicationFile&v=2,Allision with lock gate by motor vessel (MV) RIMINI in the Alte Nordschleuse lock at Brunsb체ttel on 17 May 2020,high,선박과 항만시설 충돌로 항만 운영 중단,,,129_20
20.08.2020,https://www.bsu-bund.de//SharedDocs/pdf/EN/Investigation_Report/2020/Interim_Investigation_Report_338_19.pdf?__blob=publicationFile&v=2,Fire in the engine room of the multipurpose ship KELLY with one dead and two injured crew members on the Elbe River / Tn. 51 on 06 September 2019,low,선박 화재 물류영향 없음,,,338_19
30.07.2020,https://www.bsu-bund.de//SharedDocs/pdf/EN/Investigation_Report/2020/Summary_Investigation_Report_310_16.pdf?__blob=publicationFile&v=2,"Fire in the vicinity of the combined boiler with two injured crew members on board the tanker WEICHSELSTERN in the Neue Weser Nord Reede roadstead on 19 August 2016Report Kesselunfall혻(PDF, 2MB, Barrier-free file)Report Schwei횩verbindung혻(PDF, 3MB, Barrier-free file)",,,,,310_16
21.07.2020,https://www.bsu-bund.de//SharedDocs/pdf/EN/Investigation_Report/2020/Investigation_Report_405_18.pdf?__blob=publicationFile&v=2,Destruction of the main engine's turbocharger with subsequent fire in the engine room of the BALTIC BREEZE in the North Sea on 14 October 2018,,,,,405_18
25.06.2020,https://www.bsu-bund.de//SharedDocs/pdf/EN/Investigation_Report/2020/Joint_Investigation_Report_MSC_ZOE.pdf?__blob=publicationFile&v=2,Container overboard from the MSC ZOE 01 - 02 January 2019Annex B Weather report Deutscher WetterdienstAnnex C North sea conditions DeltaresAnnex D Report MARINAnnex E Report Technische Universit채t Hamburg Harburg,,,,,
05.06.2020,https://www.bsu-bund.de//SharedDocs/pdf/EN/Investigation_Report/2020/Interim_Investigation_Report_211_19.pdf?__blob=publicationFile&v=2,Collision of the traditional ship Nr. 5 ELBE and the container ship ASTROSPRINTER on the river Elbe on 8 June 2019,,,,,211_19
08.04.2020,https://www.bsu-bund.de//SharedDocs/pdf/EN/Investigation_Report/2020/Investigation_Report_421_18.pdf?__blob=publicationFile&v=2,Occupational accident on board the MV SVENJA at the pier in the port of Rostock on 31 October 2018,medium,화물 부두로 추락해 항만 운영 중단,,,421_18
02.04.2020,https://www.bsu-bund.de//SharedDocs/pdf/EN/Investigation_Report/2020/Investigation_Report_241_18.pdf?__blob=publicationFile&v=2,Grounding of the motor tanker PAZIFIK off Indonesia on 9 July 2018,,,,,241_18
30.01.2020,https://www.bsu-bund.de//SharedDocs/pdf/EN/Investigation_Report/2020/Investigation_Report_15_19.pdf?__blob=publicationFile&v=2,Fire in the area of the deck cargo on board the container ship YANTIAN EXPRESS in the Atlantic Ocean on 3 January 2019,low,타 선박에 영향 없음,,,15_19
20.01.2020,https://www.bsu-bund.de//SharedDocs/pdf/EN/Investigation_Report/2020/Investigation_Report_32_19.pdf?__blob=publicationFile&v=2,Grounding of MV BORE BANK after steering gear failure level with bouy 18 in the Rostock sea channel on 17 January 2019,medium,선박 좌초로 일부 항로 운영 제한,,,32_19
16.03.2020,https://www.bsu-bund.de//SharedDocs/pdf/EN/Investigation_Report/2019/Investigation_Report_52_18.pdf?__blob=publicationFile&v=2,Allision of the container ship AKACIA with a lock gate on the Kiel Canal in Kiel-Holtenau on 19 February 2018,high,선박과 운하갑문 충돌로 운하 운영 중단,,,52_18
12.12.2019,https://www.bsu-bund.de//SharedDocs/pdf/EN/Investigation_Report/2019/Interim_Investigation_Report_3_19.pdf?__blob=publicationFile&v=2,Loss of containers on  MSC ZOE   in the Traffic  Separation Scheme Terschelling ??German Bight on 1 and 2 January 2019,,,,,
11.12.2019,https://www.bsu-bund.de//SharedDocs/pdf/EN/Investigation_Report/2019/Investigation_Report_20_17.pdf?__blob=publicationFile&v=2,Failure of the main engine with subsequent emergency anchor manoeuvre on the bulk carrier MV CAPE LEONIDAS on 17 January 2017 in the area of Kolmar on the River Elbe,,,,,
29.11.2019,https://www.bsu-bund.de//SharedDocs/pdf/EN/Investigation_Report/2019/Investigation_Report_496_15.pdf?__blob=publicationFile&v=2,Fire in the cargo hold of the multipurpose ship VENTURA off the canal locks at Kiel-Holtenau on 18 December 2015,,,,,
30.10.2019,https://www.bsu-bund.de//SharedDocs/pdf/EN/Investigation_Report/2019/Interim_Investigation_Report_405_18.pdf?__blob=publicationFile&v=2,Destruction of the main engine's turbocharger and subsequent fire in the engine room of the BALTIC BREEZE in the North Sea on 14 October 2018,,,,,
24.09.2019,https://www.bsu-bund.de//SharedDocs/pdf/EN/Investigation_Report/2019/Investigation_Report_71_17.pdf?__blob=publicationFile&v=2,Collision between the FV JAN MARIA and a fishing boat in the Mauritanian EEZ on 21 March 2017,,,,,
05.07.2019,https://www.bsu-bund.de//SharedDocs/pdf/EN/Investigation_Report/2019/Interim_Investigation_Report_241_18.pdf?__blob=publicationFile&v=2,Grounding oft he tank motor vessel PAZIFIK off Indonesia on 9 July 2018,,,,,
21.06.2019,https://www.bsu-bund.de//SharedDocs/pdf/EN/Investigation_Report/2019/Investigation_Report_258_18.pdf?__blob=publicationFile&v=2,Capsize of survey boat GEO PROFILER in the Wadden Sea off B체sum on 17 July 2018,,,,,
08.05.2019,https://www.bsu-bund.de//SharedDocs/pdf/EN/Investigation_Report/2019/Investigation_Report_408_17.pdf?__blob=publicationFile&v=2,Grounding of the bulk carrier  MV GLORY AMSTERDAM on 29 October 2017 about 1.6 nm north of the North Sea island of Langeoog,,,,,
26.04.2019,https://www.bsu-bund.de//SharedDocs/pdf/EN/Investigation_Report/2019/Interim_Investigation_Report_52_18.pdf?__blob=publicationFile&v=2,Allision between the container ship AKACIA and a lock gate on the Kiel Canal in Kiel-Holtenau on 19 February 2018,,,,,
10.04.2019,https://www.bsu-bund.de//SharedDocs/pdf/EN/Investigation_Report/2019/Investigation_Report_118_18.pdf?__blob=publicationFile&v=2,Allision between the VOS STONE and a wind turbine on 10 April 2018 in the Baltic Sea,,,,,
18.02.2019,https://www.bsu-bund.de//SharedDocs/pdf/EN/Investigation_Report/2019/Investigation_Report_168_16.pdf?__blob=publicationFile&v=2,Fatal person-overboard accident involving a crew member of the fishing vessel PESORSA CUATRO 150 nm west of Ireland on 17 May 2016,,,,,
29.10.2018,https://www.bsu-bund.de//SharedDocs/pdf/EN/Investigation_Report/2018/Interim_Investigation_Report_408_17.pdf?__blob=publicationFile&v=2,Grounding of the bulk carrier MV GLORY AMSTERDAM on 29 October 2017 about 1.6 nm North of the North Sea Island of Langeoog,,,,,
25.10.2018,https://www.bsu-bund.de//SharedDocs/pdf/EN/Investigation_Report/2018/Investigation_Report_160_17.pdf?__blob=publicationFile&v=2,Line accident with minor physical injury on board the traditional ship WISSEMARA at 1400 on 24 May 2017 in the port of Wismar,,,,,
01.10.2018,https://www.bsu-bund.de//SharedDocs/pdf/EN/Investigation_Report/2018/Investigation_Report_289_17.pdf?__blob=publicationFile&v=2,Collision between the  MV FINNSKY and the steam icebreaker STETTIN on the River Warnow on 12 August 2017,,,,,
13.09.2018,https://www.bsu-bund.de//SharedDocs/pdf/EN/Investigation_Report/2018/Investigation_Report_198_15.pdf?__blob=publicationFile&v=2,Chemical reaction within the fertilizer load on board the PURPLE BEACH in the deep water roadstead on the German Bight on 25 May 2015,,,,,
30.07.2018,https://www.bsu-bund.de//SharedDocs/pdf/EN/Investigation_Report/2018/Investigation_Report_423_16.pdf?__blob=publicationFile&v=2,Collision of MV MERIDIAN with MV NEWYORKER and MSC DIANA at the pier in Bremerhaven on 20 November 2016,,,,,
14.06.2018,https://www.bsu-bund.de//SharedDocs/pdf/EN/Investigation_Report/2018/Investigation_Report_431_15.pdf?__blob=publicationFile&v=2,Serious engine damage followed by fire on board the cargo vessel THETIS D on 26 October 2015 in the Kiel Bight,,,,,
28.05.2018,https://www.bsu-bund.de//SharedDocs/pdf/EN/Investigation_Report/2018/Investigation_Reports_455_15_und58_16.pdf?__blob=publicationFile&v=2,Charcoal cargo fire on the container vessels MSC KATRINA in the Elbe estuary on 20 November 2015 and LUDWIGSHAFEN EXPRESS in the Red Sea on 21 February 2016,,,,,
09.05.2018,https://www.bsu-bund.de//SharedDocs/pdf/EN/Investigation_Report/2018/Interim_Investigation_Report_71_17.pdf?__blob=publicationFile&v=2,Collision of the fishing vessel JAN MARIA with a fishing boat in the Mauritanian EEZ on 21 March 2017,,,,,
15.01.2018,https://www.bsu-bund.de//SharedDocs/pdf/EN/Investigation_Report/2017/Investigation_Report_44_16.pdf?__blob=publicationFile&v=2,Foundering of the fishing vessel CONDOR  on 6 February 2016 about 3.5 nm east of the Baltic Sea Island of Fehmarn,,,,,
11.12.2017,https://www.bsu-bund.de//SharedDocs/pdf/EN/Investigation_Report/2017/Investigation_Report_439_16.pdf?__blob=publicationFile&v=2,Grounding of the CMV HANNI off M체hlenberger Loch in Hamburg on 4 December 2016,,,,,
16.11.2017,https://www.bsu-bund.de//SharedDocs/pdf/EN/Investigation_Report/2017/Interim_Investigation_Report_423_16.pdf?__blob=publicationFile&v=2,Collision of MV MERIDIAN with MV NEWYORKER and MSC DIANA at 0154 on 20 November 2016 at the pier in Bremerhaven,,,,,
02.11.2017,https://www.bsu-bund.de//SharedDocs/pdf/EN/Investigation_Report/2017/Investigation_Report_55_15.pdf?__blob=publicationFile&v=2,Foundering of the fishing vessel KRISTINA in the North Sea on 18 February 2015,,,,,
02.08.2017,https://www.bsu-bund.de//SharedDocs/pdf/EN/Investigation_Report/2017/Interim_Investigation_Report_44_16.pdf?__blob=publicationFile&v=2,Foundering of the fishing vessel CONDOR on 6 February 2016 approx. 3.5 nm east of the Baltic island of Fehmarn,,,,,
14.07.2017,https://www.bsu-bund.de//SharedDocs/pdf/EN/Investigation_Report/2017/Investigation_Report_459_15.pdf?__blob=publicationFile&v=2,Collision on the Lower Elbe between MV EENDRACHT and MV TRANSCAPRICORN on 26 November 2015,,,,,
15.06.2017,https://www.bsu-bund.de//SharedDocs/pdf/EN/Investigation_Report/2017/Investigation_Report_42_15.pdf?__blob=publicationFile&v=2,Fatal accident on board the MV ASKOE in the Baltic Sea on 6 February 2015,,,,,
22.05.2017,https://www.bsu-bund.de//SharedDocs/pdf/EN/Investigation_Report/2017/Investigation_Report_402_15.pdf?__blob=publicationFile&v=2,Fatal accident on board the charter yacht DESDEMONA on 21 September 2015 in the area of the approach to Rostock-Warnem체nde between fairway buoys 9 and 11,,,,,
11.05.2017,https://www.bsu-bund.de//SharedDocs/pdf/EN/Investigation_Report/2017/Interim_Investigation_Report_168_16.pdf?__blob=publicationFile&v=2,Fatal person overboard accident involving acrew member of the fishing vessel PESORSA CUATRO on 17 May 2016 200 nm west of Ireland,,,,,
10.05.2017,https://www.bsu-bund.de//SharedDocs/pdf/EN/Investigation_Report/2017/Investigation_Report_470_15.pdf?__blob=publicationFile&v=2,"Collision between the EMSMOON and Friesenbr체cke railway bridge at Weener, Ems, on 3 December 2015",,,,,
12.04.2017,https://www.bsu-bund.de//SharedDocs/pdf/EN/Investigation_Report/2017/Investigation_Report_262_14.pdf?__blob=publicationFile&v=2,Foundering of the fishing vessel ANDREA and death of a crew member in the Baltic Sea off Lippe on 16 August 2014,,,,,
14.03.2017,https://www.bsu-bund.de//SharedDocs/pdf/EN/Investigation_Report/2017/Investigation_Report_499_15.pdf?__blob=publicationFile&v=2,"Grounding of the multipurpose ship BBC MAPLE LEA on 17 December 2015 in Lake Saint-Louis, Canada",,,,,
07.03.2017,https://www.bsu-bund.de//SharedDocs/pdf/EN/Investigation_Report/2017/Investigation_Report_225_15.pdf?__blob=publicationFile&v=2,Collision between the ferry FRISIA V and a quay facility in Norddeich on 16 June 2015,,,,,
01.03.2017,https://www.bsu-bund.de//SharedDocs/pdf/EN/Investigation_Report/2017/Investigation_Report_268_15.pdf?__blob=publicationFile&v=2,Fatal accident on board the CMV DUBLIN EXPRESS on 14 July 2015 en route from Caucedo to Rotterdam,,,,,
24.02.2017,https://www.bsu-bund.de//SharedDocs/pdf/EN/Investigation_Report/2017/Investigation_Report_189_14.pdf?__blob=publicationFile&v=2,Collision between the sailing vessel NOBILE and worksite craft WERKER in the Flensburg Firth on 30 May 2014,,,,,
03.02.2017,https://www.bsu-bund.de//SharedDocs/pdf/EN/Investigation_Report/2017/Investigation_Report_43_16.pdf?__blob=publicationFile&v=2,Fatal line accident on board the CMV MAERSK KURE in the port of Bremerhaven on 6 February 2016,,,,,
02.02.2017,https://www.bsu-bund.de//SharedDocs/pdf/EN/Investigation_Report/2017/Investigation_Report_46_16.pdf?__blob=publicationFile&v=2,Fatal accident on board the FV PESORSA DOS  on 8 February 2016 in the North Atlantic  west of Ireland,,,,,
26.01.2017,https://www.bsu-bund.de//SharedDocs/pdf/EN/Investigation_Report/2017/Interim_Investigation_Report_496_15.pdf?__blob=publicationFile&v=2,Fire in the cargo hold of the multipurpose ship VENTURA on 18 December 2015 off the canal locks at Kiel-Holtenau,,,,,
26.01.2017,https://www.bsu-bund.de//SharedDocs/pdf/EN/Investigation_Report/2017/Interim_Investigation_Report_12_16.pdf?__blob=publicationFile&v=2,Collision between the general cargo ship EVERT PRAHM and the Rendsburg transporter bridge on 8 January 2016 in Kiel Canal,,,,,
15.12.2016,https://www.bsu-bund.de//SharedDocs/pdf/EN/Investigation_Report/2016/Interim_Investigation_Report_499_15.pdf?__blob=publicationFile&v=2,"Grounding of the BBC MAPLE LEA on 17 December 2015 in the Lac Saint-Louis, Canada",,,,,
02.12.2016,https://www.bsu-bund.de//SharedDocs/pdf/EN/Investigation_Report/2016/Interim_Investigation_Report_455_15_58_16.pdf?__blob=publicationFile&v=2,Fire of a cargo of charcoal on the container ship MSC KATRINA on 20 November 2015 and on the container ship LUDWIGSHAFEN EXPRESS on 21 February 2016,,,,,
24.11.2016,https://www.bsu-bund.de//SharedDocs/pdf/EN/Investigation_Report/2016/Interim_Investigation_Report_459_15.pdf?__blob=publicationFile&v=2,Collision on the Lower Elbe between MV EENDRACHT and MV TRANSCAPRICORN on 26 November 2015,,,,,
19.10.2016,https://www.bsu-bund.de//SharedDocs/pdf/EN/Investigation_Report/2016/Interim_Investigation_Report_431_15.pdf?__blob=publicationFile&v=2,Serious engine damage followed by fire on board the container vessel THETIS D on 26 October 2015 in the Kiel Bight,,,,,
14.10.2016,https://www.bsu-bund.de//SharedDocs/pdf/EN/Investigation_Report/2016/Investigation_Report_34_16.pdf?__blob=publicationFile&v=2,Grounding of the CSCL INDIAN OCEAN  in the River Elbe  on 3 February 2016,,,,,
13.10.2016,https://www.bsu-bund.de//SharedDocs/pdf/EN/Investigation_Report/2016/Interim_Investigation_Report_225_15.pdf?__blob=publicationFile&v=2,Collision of the ferry FRISIA V with the quay in Norddeich on 16 June 2015,,,,,
11.10.2016,https://www.bsu-bund.de//SharedDocs/pdf/EN/Investigation_Report/2016/Investigation_Report_58_14.pdf?__blob=publicationFile&v=2,Collision between the JADE and MV WILSON FEDJE on 5 March 2014 in the port of Hamburg,,,,,
05.10.2016,https://www.bsu-bund.de//SharedDocs/pdf/EN/Investigation_Report/2016/Interim_Investigation_Report_402_15.pdf?__blob=publicationFile&v=2,Fatal accident involving a person on board the charter yacht DESDEMONA on 21 September 2015 in the area of the approach of Rostock-Warnem체nde between the fairway buoys 9 and 11,,,,,
21.07.2016,https://www.bsu-bund.de//SharedDocs/pdf/EN/Investigation_Report/2016/Interim_Inverstigation_Report_268_15.pdf?__blob=publicationFile&v=2,Fatal accident on board the CMV DUBLIN EXPRESS on 14 July 2015 on the voyage from Caucedo to Rotterdam,,,,,
13.07.2016,https://www.bsu-bund.de//SharedDocs/pdf/EN/Investigation_Report/2016/Investigation_Report_337_14.pdf?__blob=publicationFile&v=2,Fatal accident on board the MV SILVER PEGASUS in the port of Brake on 20 September 2014,,,,,
01.07.2016,https://www.bsu-bund.de//SharedDocs/pdf/EN/Investigation_Report/2016/Investigation_Report_370_14.pdf?__blob=publicationFile&v=2,"Foundering of the grab dredger ZANDER and drowning of two seamen on 24 November 2014 in the North Sea north of Norderney.Apppendix f체r Investigation Report 370/14혻(PDF, 1MB, Barrier-free file)",,,,,
26.05.2016,https://www.bsu-bund.de//SharedDocs/pdf/EN/Investigation_Report/2016/Investigation_Report_36_14.pdf?__blob=publicationFile&v=2,Collision between the WES JANINE and STENBERG on the Nordwest-Reede anchorage off Brunsb체ttel on 16 January 2014,,,,,
25.05.2016,https://www.bsu-bund.de//SharedDocs/pdf/EN/Investigation_Report/2016/Interim_Investigation_Report_198_15.pdf?__blob=publicationFile&v=2,Cargo hold fire on board the PURPLE BEACH in the deep water anchorage of the German Bight on 25 May 2015,,,,,
20.05.2016,https://www.bsu-bund.de//SharedDocs/pdf/EN/Investigation_Report/2016/Investigation_Report_203_15.pdf?__blob=publicationFile&v=2,Fatal accident on board the FV ORTEGAL TRES on 27 May 2015 off the Shetland Islands,,,,,
21.03.2016,https://www.bsu-bund.de//SharedDocs/pdf/EN/Investigation_Report/2016/Investigation_Report_94_15.pdf?__blob=publicationFile&v=2,Collision between the SAINT GEORGE and a lock gate at Brunsb체ttel on 20 March 2015,,,,,
15.03.2016,https://www.bsu-bund.de//SharedDocs/pdf/EN/Investigation_Report/2016/Investigation_Report_330_13.pdf?__blob=publicationFile&v=2,Collision between the MT CORAL IVORY and MV SIDERFLY on 28 October 2013 in the Kiel Canal,,,,,
26.02.2016,https://www.bsu-bund.de//SharedDocs/pdf/EN/Investigation_Report/2016/Investigation_Report_180_15.pdf?__blob=publicationFile&v=2,Master of the MV HANJIN MIAMI missing in the Indian Ocean on 16 May 2015,,,,,
18.02.2016,https://www.bsu-bund.de//SharedDocs/pdf/EN/Investigation_Report/2016/interim_Investigation_Report_55_15.pdf?__blob=publicationFile&v=2,Very serious marine casualty ??Foundering of the fishing vessel KRISTINA,,,,,
05.02.2016,https://www.bsu-bund.de//SharedDocs/pdf/EN/Investigation_Report/2016/interim_Investigation_Report_42_15.pdf?__blob=publicationFile&v=2,Fatal personal accident on board of MV ASKOE  on 6 February 2015  at the Baltic Sea,,,,,
29.01.2016,https://www.bsu-bund.de//SharedDocs/pdf/EN/Investigation_Report/2016/Investigation_Report_34_15.pdf?__blob=publicationFile&v=2,Fatal accident on board the MV HANJIN DALLAS on 1 February 2015 off the east coast of the United States,,,,,
16.01.2016,https://www.bsu-bund.de//SharedDocs/pdf/EN/Investigation_Report/2016/Investigation_Report_16_15.pdf?__blob=publicationFile&v=2,Collision between the MV RED7 ALLIANCE and a lock gate at Brunsb체ttel on 17 January 2015.,,,,,
20.11.2015,https://www.bsu-bund.de//SharedDocs/pdf/EN/Investigation_Report/2015/Investigation_Report_364_14.pdf?__blob=publicationFile&v=2,Fatal accident due to a rescue boat on the MTM WESTPORT falling from height during a boat manoeuvre on the Outer Elbe roadstead on 21 November 2014.,,,,,
04.11.2015,https://www.bsu-bund.de//SharedDocs/pdf/EN/Investigation_Report/2015/Interim_Investigation_Report_370_14.pdf?__blob=publicationFile&v=2,Foundering of the floating dredger and drowning of two crewmembers on 24 November 2015 in the North Sea north of Norderney.,,,,,
22.10.2015,https://www.bsu-bund.de//SharedDocs/pdf/EN/Investigation_Report/2015/Investigation_Report_266_14.pdf?__blob=publicationFile&v=2,Foundering of PONTON 1 on 13 August 2014 north of Dar횩er Ort.,,,,,
09.10.2015,https://www.bsu-bund.de//SharedDocs/pdf/EN/Investigation_Report/2015/Investigation_Report_99_13.pdf?__blob=publicationFile&v=2,Fire on the con-ro carrier ATLANTIC CARTIER on 1 May 2013 in the Port of Hamburg.,,,,,
25.09.2015,https://www.bsu-bund.de//SharedDocs/pdf/EN/Investigation_Report/2015/Investigation_Report_272_14.pdf?__blob=publicationFile&v=2,Fatal accident on board the MV MAERSK SURABAYA on 1 September 2014 off Shanghai.,,,,,
18.09.2015,https://www.bsu-bund.de//SharedDocs/pdf/EN/Investigation_Report/2015/Interim_Investigation_Report_337_14.pdf?__blob=publicationFile&v=2,Fatal personal accident on board of SILVER PREGASUS on 20 September 2014 in the port of Brake.,,,,,
04.09.2015,https://www.bsu-bund.de//SharedDocs/pdf/EN/Investigation_Report/2015/Investigation_Report_276_14.pdf?__blob=publicationFile&v=2,Collision in the Kiel Firth  at Friedrichsort between the MV FRANCISCA and MV RMS BREMEN on 5 September 2014.,,,,,
22.07.2015,https://www.bsu-bund.de//SharedDocs/pdf/EN/Investigation_Report/2015/Investigation_Report_07_14.pdf?__blob=publicationFile&v=2,Collision between the installation vessel PACIFIC ORCA and the fishing vessel JURIE VAN DEN BERG north of TSS Terschelling-German Bight on 17 January 2014.,,,,,
09.07.2015,https://www.bsu-bund.de//SharedDocs/pdf/EN/Investigation_Report/2015/Investigation_Report_155_14.pdf?__blob=publicationFile&v=2,"Collision between the ferry ADLER EXPRESS and the pier in the port of Wittd체n, Amrum on 4 June 2014.",,,,,
07.07.2015,https://www.bsu-bund.de//SharedDocs/pdf/EN/Investigation_Report/2015/Investigation_Report_124_14.pdf?__blob=publicationFile&v=2,Exploding shrimp boiler on board the fishing vessel KLAUS GROTH on 19 May 2014 south-west of Amrum.,,,,,
08.06.2015,https://www.bsu-bund.de//SharedDocs/pdf/EN/Investigation_Report/2015/Investigation_Report_189_14.pdf?__blob=publicationFile&v=2,Collision involving NOBILE and WERKER on 30 May 2014 in the Flensburger F철rde.,,,,,
22.05.2015,https://www.bsu-bund.de//SharedDocs/pdf/EN/Investigation_Report/2015/Investigation_Report_140_14.pdf?__blob=publicationFile&v=2,"Fatal accident in the  port of Goole, England, on board the MV SUNTIS on 26 May 2014.",,,,,
12.05.2015,https://www.bsu-bund.de//SharedDocs/pdf/EN/Investigation_Report/2015/Investigation_Report_128_14.pdf?__blob=publicationFile&v=2,Allision between the MSC BENEDETTA and pier in Zeebrugge on 16 May 2014.,,,,,
24.02.2015,https://www.bsu-bund.de//SharedDocs/pdf/EN/Investigation_Report/2015/Investigation_Report_6_14.pdf?__blob=publicationFile&v=2,Grounding of the MV MERITA in the port of Rostock on 9 January 2014.,,,,,
18.02.2015,https://www.bsu-bund.de//SharedDocs/pdf/EN/Investigation_Report/2015/Investigation_Report_373_13.pdf?__blob=publicationFile&v=2,Collision while mooring between the MV MERWEBORG and the ro-ro MV CAROLINE RUSS at Steubenh철ft in Cuxhaven on 12 December 2013.,,,,,
13.02.2015,https://www.bsu-bund.de//SharedDocs/pdf/EN/Investigation_Report/2015/Investigation_Report_265_13.pdf?__blob=publicationFile&v=2,Foundering of the Sailing Yacht FALADO VON RHODOS on 9 August 2013 off Iceland.,,,,,
21.01.2015,https://www.bsu-bund.de//SharedDocs/pdf/EN/Investigation_Report/2015/Interim_Investigation_Report_7_14.pdf?__blob=publicationFile&v=2,Collision of the wind turbine installation vessel PACIFIC ORCA with the fishing vessel JURIE VAN DEN BERG north of the TSS Terschelling German Bight on 17 January 2014.,,,,,
19.01.2015,https://www.bsu-bund.de//SharedDocs/pdf/EN/Investigation_Report/2015/Investigation_Report_43_14.pdf?__blob=publicationFile&v=2,Collision between the MV BIMI and MV BARENT ZANEN in the Medem roadstead on 1 March 2014.,,,,,
15.01.2015,https://www.bsu-bund.de//SharedDocs/pdf/EN/Investigation_Report/2015/Investigation_Report_94_2013.pdf?__blob=publicationFile&v=2,Foundering of the Sailing Yacht FALADO VON RHODOS on 9 August 2013 off Iceland.,,,,,
18.11.2014,https://www.bsu-bund.de//SharedDocs/pdf/EN/Investigation_Report/2014/Investigation_Report_289_12.pdf?__blob=publicationFile&v=2,Ground contact by the oil tanker KATJA in the River Jade on 14 August 2012.,,,,,
29.10.2014,https://www.bsu-bund.de//SharedDocs/pdf/EN/Investigation_Report/2014/Interim_Investigation_Report_330_13.pdf?__blob=publicationFile&v=2,Collision of the LPG-TMV CORAL IVORY with the MV SIDERFLY in the Kiel Canal on 28 October 2013.,,,,,
20.10.2014,https://www.bsu-bund.de//SharedDocs/pdf/EN/Investigation_Report/2014/Investigation_Report_10_11.pdf?__blob=publicationFile&v=2,Accident involving a person on the FRISIA II while casting off at Norddeich on 7 January 2011.,,,,,
20.10.2014,https://www.bsu-bund.de//SharedDocs/pdf/EN/Investigation_Report/2014/Investigation_Report_342_13.pdf?__blob=publicationFile&v=2,Stability-related accident involving the MV ROSEBURG in the Kieler F철rde on 5 November 2013.,,,,,
06.10.2014,https://www.bsu-bund.de//SharedDocs/pdf/EN/Investigation_Report/2014/Investigation_Report_417_13.pdf?__blob=publicationFile&v=2,Collision between the CMV CONMAR AVENUE and CMV MAERSK KALMAR on 7 May 2013 on the Outer Weser.,,,,,
02.10.2014,https://www.bsu-bund.de//SharedDocs/pdf/EN/Investigation_Report/2014/Investigation_Report_15_13_end.pdf?__blob=publicationFile&v=2,Collision between the MV CORAL ACE and the MV LISA SCHULTE at the Neue Weser Nord-roadstead on 31 January 2013.,,,,,
08.08.2014,https://www.bsu-bund.de//SharedDocs/pdf/EN/Investigation_Report/2014/Investigation_Report_86_13.pdf?__blob=publicationFile&v=2,"Fatal accident off the entrance to the port of Figueira da Foz, Portugal on the training craft SY MERI TUULI on 10 April 2013",,,,,
15.07.2014,https://www.bsu-bund.de//SharedDocs/pdf/EN/Investigation_Report/2014/Investigation_Report_265_13.pdf?__blob=publicationFile&v=2,Interim Investigation Report 265/13 FALADO VON RHODOS,,,,,
27.06.2014,https://www.bsu-bund.de//SharedDocs/pdf/EN/Investigation_Report/2014/Investigation_Report_117_11.pdf?__blob=publicationFile&v=2,Collision between the TYUMEN-2 and OOCL FINLAND on 14 April 2011 in the Kiel Canal.,,,,,
14.05.2014,https://www.bsu-bund.de//SharedDocs/pdf/EN/Investigation_Report/2014/Investigation_Report_250_11.pdf?__blob=publicationFile&v=2,Collision between the CMV CCNI RIMAC and CMV CSAV PETORCA on 21 June 2011 in the area of the approach to the port of Yangshan.,,,,,
29.04.2014,https://www.bsu-bund.de//SharedDocs/pdf/EN/Investigation_Report/2014/Investigation_Report_99_13.pdf?__blob=publicationFile&v=2,Fire on board ConRo vessel ATLANTIC CARTIER on 1 May 2013 in the Port of Hamburg.,,,,,
29.04.2014,https://www.bsu-bund.de//SharedDocs/pdf/EN/Investigation_Report/2014/Investigation_Report_19_12.pdf?__blob=publicationFile&v=2,Grounding of the passenger ship DEUTSCHLAND in Chile near the Italia Glacier on 15 January 2012,,,,,
10.04.2014,https://www.bsu-bund.de//SharedDocs/pdf/EN/Investigation_Report/2014/Investigation_Report_94_2013.pdf?__blob=publicationFile&v=2,Grounding of the MV NORFOLK EXPRESS on 18 April 2013 on the River Weser.,,,,,
07.04.2014,https://www.bsu-bund.de//SharedDocs/pdf/EN/Investigation_Report/2014/Investigation_Report_160_13.pdf?__blob=publicationFile&v=2,Water ingress on the traditional vessel RAKEL on 21 June 2013 in the North Sea about 10 nm south of Heligoland.,,,,,
25.03.2014,https://www.bsu-bund.de//SharedDocs/pdf/EN/Investigation_Report/2014/Investigation_Report_MARINE_SHIP_ACCIDENT.pdf?__blob=publicationFile&v=2,Fire on board  the Passenger ferry/ro-ro ship  VICTORIA SEAWAYS in the Baltic Sea on 23 April  2013.,,,,,
28.02.2014,https://www.bsu-bund.de//SharedDocs/pdf/EN/Investigation_Report/2014/Investigation_Report_255_12.pdf?__blob=publicationFile&v=2,Fire and explosion on board the MSC FLAMINIA on 14 July 2012 in the Atlantic and the ensuing events.,,,,,
15.01.2014,https://www.bsu-bund.de//SharedDocs/pdf/EN/Investigation_Report/2014/Investigation_Report_53_13.pdf?__blob=publicationFile&v=2,Collision in the Brunsb체ttel siding between the CMV HERM KIEPE and CMV EMPIRE on 2 March 2013.,,,,,
01.11.2013,https://www.bsu-bund.de//SharedDocs/pdf/EN/Investigation_Report/2013/Investigation_Report_13_12_und_179_12.pdf?__blob=publicationFile&v=2,"Death of a member of the crew of CMV E.R. STRALSUND on 19 January 2012 en route from Algeciras, Spain, to Tema, Ghana.Injury to a member of the crew of MV RED CAT on 1 May 2012 in the port of Bremen.",,,,,
31.10.2013,https://www.bsu-bund.de//SharedDocs/pdf/EN/Investigation_Report/2013/Investigation_Report_422_11.pdf?__blob=publicationFile&v=2,Accident involving a person on board the tug  TAUCHER O. WULF 5 in Cuxhaven on 28 September 2011.,,,,,
20.06.2013,https://www.bsu-bund.de//SharedDocs/pdf/EN/Investigation_Report/2013/Investigation_Report_255_12.pdf?__blob=publicationFile&v=2,"Fire and explosion on board the container vessel MSC FLAMINIA on 14 July 2012 on the Atlantic Ocean and the subsequent fire fighting, recovery and search for a port of refuge.",,,,,
02.05.2013,https://www.bsu-bund.de//SharedDocs/pdf/EN/Investigation_Report/2013/Investigation_Report_145_12.pdf?__blob=publicationFile&v=2,Collision between the ro-pax ferry NILS HOLGERSSON and the ro-pax ferry URD in the port of L체beck-Travem체nde on 3 May 2012.,,,,,
07.03.2013,https://www.bsu-bund.de//SharedDocs/pdf/EN/Investigation_Report/2013/Investigation_Report_507_11.pdf?__blob=publicationFile&v=2,Collision between the MOL EFFICIENCY and the SPLITTNES on 22 November 2011 at 2013 on the Weser.,,,,,
06.02.2013,https://www.bsu-bund.de//SharedDocs/pdf/EN/Investigation_Report/2013/Investigation_Report_301_11.pdf?__blob=publicationFile&v=2,"Accident with four casualties on board the traditional ship SEUTE DEERN east of Christians첩, Bornholm on 28 July 2011.",,,,,
19.12.2012,https://www.bsu-bund.de//SharedDocs/pdf/EN/Investigation_Report/2012/Investigation_Report_230_09.pdf?__blob=publicationFile&v=2,Collision between the Maltese registered general cargo shipl MARTI PRINCESS and the German registered container ship RENATE SCHULTE off Bozcaada Island 27 June 2009,,,,,
18.12.2012,https://www.bsu-bund.de//SharedDocs/pdf/EN/Investigation_Report/2012/Investigation_Report_102_11.pdf?__blob=publicationFile&v=2,Collision between the TMV ZAPADNYY and a floating dock moored on the bank of the River Weser belonging to the Fr. L체rssen shipyard after an overtaking manoeuvre involving the TMV RHONESTERN and the TMV ZAPADNYY on 5 April 2011,,,,,
01.11.2012,https://www.bsu-bund.de//SharedDocs/pdf/EN/Investigation_Report/2012/Investigation_Report_515_10.pdf?__blob=publicationFile&v=2,Fire on a semi-trailer on board the ferry MECKLENBURG-VORPOMMERN on the Warnow river on 19 November 2010.,,,,,
16.07.2012,https://www.bsu-bund.de//SharedDocs/pdf/EN/Investigation_Report/2012/Investigation_Report_143_11.pdf?__blob=publicationFile&v=2,Death of a crew member of the sailing yacht SPECIAL ONEon 30 April 2011 off Fehmarn.,,,,,
15.06.2012,https://www.bsu-bund.de//SharedDocs/pdf/EN/Investigation_Report/2012/Investigation_Report_450_11.pdf?__blob=publicationFile&v=2,"Ground Contact by the Container Vessel FIDUCIA off Cebu, Philippines on 16 September 2011.",,,,,
15.05.2012,https://www.bsu-bund.de//SharedDocs/pdf/EN/Investigation_Report/2012/Investigation_Report_570_10.pdf?__blob=publicationFile&v=2,Personal accident on borad the container vessel MSC LA SPEZIA in the port of Gioia Tauro/Italy on 21 December 2010.,,,,,
16.04.2012,https://www.bsu-bund.de//SharedDocs/pdf/EN/Investigation_Report/2012/Investigation_Report_325_11.pdf?__blob=publicationFile&v=2,Grounding of the Traditional sailing vessel AMPHITRITE in the Little Belt on 29 June 2011 at 2335,,,,,
02.04.2012,https://www.bsu-bund.de//SharedDocs/pdf/EN/Investigation_Report/2012/Investigation_Report_415_10.pdf?__blob=publicationFile&v=2,"Fatal accident on board the MV THULE in Naantali, Finland on 22 September 2010",,,,,
15.03.2012,https://www.bsu-bund.de//SharedDocs/pdf/EN/Investigation_Report/2012/Investigation_Report_413_10.pdf?__blob=publicationFile&v=2,Personal accident on the aft manoeuvring station of the hopper dredger WATERWAY while making fast in the port of Emden on 21 September 2010.,,,,,
01.03.2012,https://www.bsu-bund.de//SharedDocs/pdf/EN/Investigation_Report/2012/Investigation_Report_301_9.pdf?__blob=publicationFile&v=2,Personal accident on board the TMV ECE NUR K on the Lower Elbe on 1 August 2009,,,,,
01.02.2012,https://www.bsu-bund.de//SharedDocs/pdf/EN/Investigation_Report/2012/Investigation_Report_445_10.pdf?__blob=publicationFile&v=2,Fire on the ro-ro passenger vessel LISCO GLORIA on 8 October 2010 north-west of Fehmarn,,,,,
16.01.2012,https://www.bsu-bund.de//SharedDocs/pdf/EN/Investigation_Report/2012/Investigation_Report_140_10.pdf?__blob=publicationFile&v=2,Contact with the embankment by the MV SONORO and collision between the MV SONORO and MT S횥LLBERG on the Kiel Canal (NOK) on 18 April 2010,,,,,
15.12.2011,https://www.bsu-bund.de//SharedDocs/pdf/EN/Investigation_Report/2011/U-Bericht_523_10_FlashFilm_neu.swf?__blob=publicationFile&v=2,U-Bericht 523/10 Animation (Flash),,,,,
15.12.2011,https://www.bsu-bund.de//SharedDocs/pdf/EN/Investigation_Report/2011/Investigation_Report__523_10.pdf?__blob=publicationFile&v=2,Collision in the Kiel-Holtenau siding at km 95.5 between the CMV NATIONAL GLORY and MV MALAGA on 28 November 2010.U-Bericht 523/10 Animation (Flash)(Flashmovie),,,,,
01.12.2011,https://www.bsu-bund.de//SharedDocs/pdf/EN/Investigation_Report/2011/Investigation_Report_304_10.pdf?__blob=publicationFile&v=2,Collision about 25 nm east of Tianjin between the CMV JULA S and the MV ZENITH WINNER on 24 July 2010.,,,,,
15.11.2011,https://www.bsu-bund.de//SharedDocs/pdf/EN/Investigation_Report/2011/Investigation_Report_551_10.pdf?__blob=publicationFile&v=2,Collision west of Skagen between the MV FRISIA ROTTERDAM and the MV CLEANTEC on 13 December 2010 at 0518.,,,,,
01.10.2011,https://www.bsu-bund.de//SharedDocs/pdf/EN/Investigation_Report/2011/Investigation_Report_264_10.pdf?__blob=publicationFile&v=2,Collision of the tug STEINBOCK with the MV MINERVA off Bremerhaven on 29 June 2010.,,,,,
15.08.2011,https://www.bsu-bund.de//SharedDocs/pdf/EN/Investigation_Report/2011/Investigation_Report_215_10.pdf?__blob=publicationFile&v=2,Accident involving the shipboard crane on board the wind turbine installation vessel WIND LIFT 1 on 23 May 2010 at the 'BARD Offshore 1' wind farm about 50 nm north-west of Borkum 1 June,,,,,
01.08.2011,https://www.bsu-bund.de//SharedDocs/pdf/EN/Investigation_Report/2011/Investigation_Report_174_10.pdf?__blob=publicationFile&v=2,Grounding of the MV BELUGA REVOLUTION off ENUS (Tench) Island in the South Seas on 30 April 2010,,,,,
01.06.2011,https://www.bsu-bund.de//SharedDocs/pdf/EN/Investigation_Report/2011/Investigation_Report_391_09.pdf?__blob=publicationFile&v=2,Fatal accident on board the CMV CCNI GUAYAS during Typhoon 'KOPPU'  on 15 September 2009 in the sea area off Hong Kong  (Including analysis of Serious Marine Casualty 520/09 Pilot injured on board the CMV FRISIA LISSABON혻 on 16 October 2009 west of Borkum on the Westerems),,,,,
01.03.2011,https://www.bsu-bund.de//SharedDocs/pdf/EN/Investigation_Report/2011/Investigation_Report__286_10.pdf?__blob=publicationFile&v=2,Collision between the CMV NAVI BALTIC and the sailing vessel J.R. TOLKIEN on the Kiel Canal at Kilometre 90.5 on 12 July 2010Grounding and salvage of the sailing vessel ALBERT JOHANNES in the port of Wismar on 18 August 2010Collision between the sailing vessel SKYLGE and the motor yacht SPUTNIK 2 in the port of Stralsund on 22 August 2010,,,,,
15.02.2011,https://www.bsu-bund.de//SharedDocs/pdf/EN/Investigation_Report/2011/Investigation_Report_282_09.pdf?__blob=publicationFile&v=2,"Fatal accident while climbing from the pilot ladder of the MV YM TIANJIN onto a tender on 21 July 2009 in the roads of Kaohsiung, Taiwan",,,,,
01.02.2011,https://www.bsu-bund.de//SharedDocs/pdf/EN/Investigation_Report/2011/Investigation_Report_350_09.pdf?__blob=publicationFile&v=2,Collision between MF SCHLESWIG-HOLSTEIN and SY MAHDI on 24 August 2009 3 nm north-east of the Puttgarden ferry port,,,,,
14.01.2011,https://www.bsu-bund.de//SharedDocs/pdf/EN/Investigation_Report/2011/Investigation_Report_168_09.pdf?__blob=publicationFile&v=2,Collision between the H횜EGH LONDON and three vessels moored on the Weser on 26 May 2009,,,,,
01.02.2011,https://www.bsu-bund.de//SharedDocs/pdf/EN/Investigation_Report/2010/Investigation_Report_125_10.pdf?__blob=publicationFile&v=2,Collision involving the AURORA and the TRANSANUND during an overtaking manoeuvre on the Elbe on 29 June 2009.,,,,,
01.02.2011,https://www.bsu-bund.de//SharedDocs/pdf/EN/Investigation_Report/2010/Investigation_Report_305_09.pdf?__blob=publicationFile&v=2,Collision between MF SCHLESWIG-HOLSTEIN and SY MAHDI on 24 August 2009 3 nm north-east of the Puttgarden ferry port.,,,,,
01.12.2010,https://www.bsu-bund.de//SharedDocs/pdf/EN/Investigation_Report/2010/Investigation_Report_41_09.pdf?__blob=publicationFile&v=2,Collision on the Kiel Canal between MT VASI and MT BIRTHE THERESA on 12 February 2009 at 0300 h,,,,,
15.11.2010,https://www.bsu-bund.de//SharedDocs/pdf/EN/Investigation_Report/2010/Investigation_Report_07_10.pdf?__blob=publicationFile&v=2,Foundering of the FV ORTEGAL UNO on 13 January 2010 west of Ireland,,,,,
01.11.2010,https://www.bsu-bund.de//SharedDocs/pdf/EN/Investigation_Report/2010/Investigation_Report_496_09.pdf?__blob=publicationFile&v=2,Grounding with water ingress on 21 November 2009 to the south of S찾o Miguel/Azores and constructive total loss of the MV S.GABRIEL,,,,,
01.10.2010,https://www.bsu-bund.de//SharedDocs/pdf/EN/Investigation_Report/2010/Investigation_Report_557_08.pdf?__blob=publicationFile&v=2,Fatal accident caused by a mooring line of the TMV COVADONGA parting on 28 October 2008 in Brunsb체ttel Lock.,,,,,
14.05.2010,https://www.bsu-bund.de//SharedDocs/pdf/EN/Investigation_Report/2010/Investigation_Report_56_09.pdf?__blob=publicationFile&v=2,Collision between Motor Vessel CHRISTA and Pleasure Craft ODIN off Timmendorf/Poel on 28 February 2009,,,,,
15.04.2010,https://www.bsu-bund.de//SharedDocs/pdf/EN/Investigation_Report/2010/Investigation_Report_161_09.pdf?__blob=publicationFile&v=2,Capsizing of the MB QUINTETT with two fatalities on the Lower Elbe on 21 May 2009,,,,,
01.04.2010,https://www.bsu-bund.de//SharedDocs/pdf/EN/Investigation_Report/2010/Investigation_Report_51_09.pdf?__blob=publicationFile&v=2,Collision between the fishing vessel GITTE and the Ferry SKANIA on 17 February 2009 13 nautical miles east of R체gen.,,,,,
15.03.2010,https://www.bsu-bund.de//SharedDocs/pdf/EN/Investigation_Report/2010/Investigation_Report_218_09.pdf?__blob=publicationFile&v=2,Fatal accident while hauling in the gangway on the MV YOHJIN on 17 June 2009 in Bremerhaven.,,,,,
01.03.2010,https://www.bsu-bund.de//SharedDocs/pdf/EN/Investigation_Report/2010/Investigation_Report_020_09.pdf?__blob=publicationFile&v=2,Collision on the Kiel Canal (NOK) between HANSE VISION and BIRKA EXPRESS on 12 January 2009 at 1424,,,,,
15.02.2010,https://www.bsu-bund.de//SharedDocs/pdf/EN/Investigation_Report/2010/Investigation_Report_015_09.pdf?__blob=publicationFile&v=2,Capsize of the SY TAUBE with six fatalities off the Atlantic coast of Morocco on 20 January 2009,,,,,
01.02.2010,https://www.bsu-bund.de//SharedDocs/pdf/EN/Investigation_Report/2010/Investigation_Report_255_08.pdf?__blob=publicationFile&v=2,Collision CMV MARFEEDER with CMV APL TURQUOISE on the Outer Weser on 1 June 2008,,,,,
14.01.2010,https://www.bsu-bund.de//SharedDocs/pdf/EN/Investigation_Report/2010/Investigation_Report_642_08-114_09.pdf?__blob=publicationFile&v=2,"Accident with subsequent loss of life on board CMV SANTA ALINA on 15 December 2008 in the port of Lom챔, Togo.Accident with subsequent loss of life on board CMV MOL UTILITY on 30 March 2009 in the port of Tanga, United Republic of Tanzania.",,,,,
15.12.2009,https://www.bsu-bund.de//SharedDocs/pdf/EN/Investigation_Report/2009/Investigation_Report_554_07.pdf?__blob=publicationFile&v=2,Person injured by the fall a liefboat on the MS MSC GRACE at Neue Weser North-Roads on 31 October 2007,,,,,
01.12.2009,https://www.bsu-bund.de//SharedDocs/pdf/EN/Investigation_Report/2009/Investigation_Report_31_09.pdf?__blob=publicationFile&v=2,Accident with subsequent loss of life on board the fishing vessel TANJA on 6 February 2009 at the port of Burgstaaken (Fehmarn),,,,,
01.12.2009,https://www.bsu-bund.de//SharedDocs/pdf/EN/Investigation_Report/2009/Investigation_Report_612_08.pdf?__blob=publicationFile&v=2,Collision on the Kiel Canal between MV RMS SAIMAA and MV NORDIC DIANA on 12 December 2008 at 0946.,,,,,
01.12.2009,https://www.bsu-bund.de//SharedDocs/pdf/EN/Investigation_Report/2009/Investigation_Report_548_08.pdf?__blob=publicationFile&v=2,Collision between MV BELUGA SENSATION and MV JEROME H while moored at the pier in the Kiel Canal on 26 October 2008.,,,,,
02.11.2009,https://www.bsu-bund.de//SharedDocs/pdf/EN/Investigation_Report/2009/Investigation_Report_510_08.pdf?__blob=publicationFile&v=2,"Fatal accident on board the CMV CHICAGO EXPRESS during Typhoon ""HAGUPIT"" on 24 September 2008 off the coast of Hong Kong",,,,,
02.11.2009,https://www.bsu-bund.de//SharedDocs/pdf/EN/Investigation_Report/2009/Investigation_Report_107_08.pdf?__blob=publicationFile&v=2,Engine Failures of HOPE BAY and Collision between HOPE BAY and OCEANIC on 12 March 2008 and Collision between OCEANIC and JOSEF M횜BIUS on the Elbe on 14 March 2008.,,,,,
01.10.2009,https://www.bsu-bund.de//SharedDocs/pdf/EN/Investigation_Report/2009/Investigation_Report_254_08.pdf?__blob=publicationFile&v=2,Stranding of CMV NORFOLK EXPRESS on 30 May 2008 in the Gulf of Suez.,,,,,
01.09.2009,https://www.bsu-bund.de//SharedDocs/pdf/EN/Investigation_Report/2009/Investigation_Report_212_08.pdf?__blob=publicationFile&v=2,Accident resulting in severe injuries to 2 people caused by three broken lines while making fast CMS RUILOBA on 18 May 2008 in Bremerhaven.,,,,,
17.08.2009,https://www.bsu-bund.de//SharedDocs/pdf/EN/Investigation_Report/2009/Investigation_Report_211_08.pdf?__blob=publicationFile&v=2,Collision of the RoPax Ferry FINNLADY with the Skandinavienkai on 16 May 2008 in Travem체nde port.,,,,,
03.08.2009,https://www.bsu-bund.de//SharedDocs/pdf/EN/Investigation_Report/2009/Investigation_Report_491_08.pdf?__blob=publicationFile&v=2,Danger due to suction and waves on 14 September 2008 on the Lower Elbe - level with Wittenbergen caused by the MV WMS GRONINGEN,,,,,
15.07.2009,https://www.bsu-bund.de//SharedDocs/pdf/EN/Investigation_Report/2009/Investigation_Report_617_08.pdf?__blob=publicationFile&v=2,Collision of the cargo ship FREYA with the Gelbsand front light structure in the Elbe approach on 16 December 2008,,,,,
15.06.2009,https://www.bsu-bund.de//SharedDocs/pdf/EN/Investigation_Report/2009/Investigation_Report_302_07.pdf?__blob=publicationFile&v=2,Personal accident with stern line on the MS NORTHERN FAITH on 4 July 2007 in port of Koper.,,,,,
02.06.2009,https://www.bsu-bund.de//SharedDocs/pdf/EN/Investigation_Report/2009/Investigation_Report_250_08.pdf?__blob=publicationFile&v=2,Collision of M/V RABA with Special craft ARTHUR BECKER on 1 June 2008 Northwest of the Wittow/R체gen Peninsula.,,,,,
15.05.2009,https://www.bsu-bund.de//SharedDocs/pdf/EN/Investigation_Report/2009/Investigation_Report_578_08.pdf?__blob=publicationFile&v=2,Accident to seafarer HELGOLAND. Fall overboard on 16 November 2008.,,,,,
15.04.2009,https://www.bsu-bund.de//SharedDocs/pdf/EN/Investigation_Report/2009/Investigation_Report_149_08.pdf?__blob=publicationFile&v=2,Forward tug WILHELMINE broaching to in front of MS PAVEL KORCHAGIN on 4 April 2008 in the Port of Hamburg.,,,,,
01.04.2009,https://www.bsu-bund.de//SharedDocs/pdf/EN/Investigation_Report/2009/Investigation_Report_01_08.pdf?__blob=publicationFile&v=2,Grounding of the LT CORTESIA on 2 January 2008 on the Varne Bank in the English Channel.,,,,,
02.03.2009,https://www.bsu-bund.de//SharedDocs/pdf/EN/Investigation_Report/2009/Investigation_Report_180_08.pdf?__blob=publicationFile&v=2,Near-collision and Grounding of the Sailing Yacht INTENTION IV on 3 May 2008 off Warnem체nde.,,,,,
02.02.2009,https://www.bsu-bund.de//SharedDocs/pdf/EN/Investigation_Report/2009/Investigation_Report_167_08.pdf?__blob=publicationFile&v=2,Grounding of the MV PACIFIC CHALLENGER to the east of Oro Bay/Papua New Guinea on 9 April 2008.,,,,,
15.01.2009,https://www.bsu-bund.de//SharedDocs/pdf/EN/Investigation_Report/2009/Investigation_Report_47_08.pdf?__blob=publicationFile&v=2,Collision of the MV SCHLESWIG-HOLSTEIN with the Skanseodde in Fredericia on 31 January 2008.,,,,,
01.12.2008,https://www.bsu-bund.de//SharedDocs/pdf/EN/Investigation_Report/2008/Investigation_Report_607_07.pdf?__blob=publicationFile&v=2,Personal accident on the tug BUGSIER 11 on 17 December 2007 in Brunsb체ttel,,,,,
01.10.2008,https://www.bsu-bund.de//SharedDocs/pdf/EN/Investigation_Report/2008/Investigation_Report_45_07.pdf?__blob=publicationFile&v=2,Loss overboard of 10 containers from JRS CANIS at estuary of Elbe River on 12 January 2007 at 02:40,,,,,
15.09.2008,https://www.bsu-bund.de//SharedDocs/pdf/EN/Investigation_Report/2008/Investigation_Report_450_07.pdf?__blob=publicationFile&v=2,Collision between M/V HANJIN GOTHENBURG and M/V CHANG TONG on 15 September 2007 in the Bohai Strait/PR of China,,,,,
01.09.2008,https://www.bsu-bund.de//SharedDocs/pdf/EN/Investigation_Report/2008/Investigation_Report_564_06.pdf?__blob=publicationFile&v=2,"Foundering of the Fishing Vessel HOHEWEG on 8 November 2006 in the Alte Weser area, western Nordergr체nde",,,,,
01.09.2008,https://www.bsu-bund.de//SharedDocs/pdf/EN/Investigation_Report/2008/Investigation_Report_101_06.pdf?__blob=publicationFile&v=2,Fatal accident on board the MFV JAN MARIA on 13 March 2006 approx. 150 nm west of Ireland,,,,,
15.08.2008,https://www.bsu-bund.de//SharedDocs/pdf/EN/Investigation_Report/2008/Investigation_Report_23_07.pdf?__blob=publicationFile&v=2,Person overboard on the MV LENA at the Elbe on 1 January 2007 at 08:53 resulting in death,,,,,
15.06.2008,https://www.bsu-bund.de//SharedDocs/pdf/EN/Investigation_Report/2008/Investigation_Report_215_07.pdf?__blob=publicationFile&v=2,Death of two crew members due to crash of the lifeboat of the MV FOREST-1 during a lifeboat drill in Emden on 16 May 2007,,,,,
01.06.2008,https://www.bsu-bund.de//SharedDocs/pdf/EN/Investigation_Report/2008/Investigation_Report_537_06.pdf?__blob=publicationFile&v=2,Person overboard from MS BELUGA STIMULATION on 27 October 2006 at 08:20 in the German Bight,,,,,
01.06.2008,https://www.bsu-bund.de//SharedDocs/pdf/EN/Investigation_Report/2008/Investigation_Report_127_07.pdf?__blob=publicationFile&v=2,Fatal personal accident on board TMS SEACOD on 27 April 2007 North West of the Azores,,,,,
15.05.2008,https://www.bsu-bund.de//SharedDocs/pdf/EN/Investigation_Report/2008/Investigation_Report_CA102_British.pdf?__blob=publicationFile&v=2,Isle of Man Ship Registry Casualty Investigation Report No. CA102 Collision between the Tanker British Cygnet and Container ship Vera 2nd December 2006,,,,,
01.05.2008,https://www.bsu-bund.de//SharedDocs/pdf/EN/Investigation_Report/2008/Investigation_Report_305_06.pdf?__blob=publicationFile&v=2,Collision between M/V LASS URANUS and M/V XIN FU ZHOU on 12 July 2006 on the Elbe River,,,,,
15.04.2008,https://www.bsu-bund.de//SharedDocs/pdf/EN/Investigation_Report/2008/Investigation_Report_116_07.pdf?__blob=publicationFile&v=2,Grounding of the MV VOLGO-BALT 209 on 22 March 2007 on the Lower Elbe River south of Buoys ????and ????,,,,,
01.04.2008,https://www.bsu-bund.de//SharedDocs/pdf/EN/Investigation_Report/2008/Investigation_Report_558_07.pdf?__blob=publicationFile&v=2,"Grounding of the Motor Vessel LADOGA-3 off the Darss peninsula, Baltic Sea on 16 November 2007",,,,,
01.02.2008,https://www.bsu-bund.de//SharedDocs/pdf/EN/Investigation_Report/2008/IR_329_03.pdf?__blob=publicationFile&v=2,Fatal casualty in the scavenge air receiver of the main engine of the CMS LONDON EXPRESS in the night of 24 to 25 October 2003 on the voyage from Savannah/USA to Norfolk/USA,,,,,
28.01.2008,https://www.bsu-bund.de//SharedDocs/pdf/EN/Investigation_Report/2008/2006M_c1.pdf?__blob=publicationFile&v=2,"MS ESTRADEN an MT WOLGASTERN, collision in the Kiel-Canal on 2.2.2006",,,,,
17.12.2007,https://www.bsu-bund.de//SharedDocs/pdf/EN/Investigation_Report/2007/Investigation_Report_449_07.pdf?__blob=publicationFile&v=2,Personal injury accident on the MV KATRINE KROG on 17 September 2007 at R체sterbergen pilot station,,,,,
17.12.2007,https://www.bsu-bund.de//SharedDocs/pdf/EN/Investigation_Report/2007/Investigation_Report_304_06.pdf?__blob=publicationFile&v=2,Spillage of harmful substances from a container on board CMS HANJIN LONDON with 8 injured persons in the Port of Hamburg on 10 July 2006,,,,,
03.12.2007,https://www.bsu-bund.de//SharedDocs/pdf/EN/Investigation_Report/2007/Investigation_Report_21_06.pdf?__blob=publicationFile&v=2,Very serious marine casualtyDeath of two crew members following the crash of a lifeboat of MT OLIVER JACOB during a lifeboat manoeuvre off the coast of Cameroon on 21 January 2006Survey,,,,,
15.11.2007,https://www.bsu-bund.de//SharedDocs/pdf/EN/Investigation_Report/2007/Investigation_Report_637_06.pdf?__blob=publicationFile&v=2,Fatal accident involving two crew members as well as personal injury to two other crew members on board the M/V CAP EGMONT on 28 December 2006 off the Japanese coast,,,,,
15.11.2007,https://www.bsu-bund.de//SharedDocs/pdf/EN/Investigation_Report/2007/Investigation_Report_166_06.pdf?__blob=publicationFile&v=2,"Fatal Sailing Accident on Board SY SINFONIE SYLT in the Flendsbuger F철rde on May 5th, 2005",,,,,
15.11.2007,https://www.bsu-bund.de//SharedDocs/pdf/EN/Investigation_Report/2007/Investigation_Report_231_06.pdf?__blob=publicationFile&v=2,Collision between MV LASS SATURN und Sailing School Ship ROALD AMUNDSEN on the Heikendorfer Reede on 4 May 2006,,,,,
01.11.2007,https://www.bsu-bund.de//SharedDocs/pdf/EN/Investigation_Report/2007/Investigation_Report_28_06.pdf?__blob=publicationFile&v=2,Fatal occupational accident on board MV ?쏦einrich S??in the port of Koper on 25 January 2006.,,,,,
01.10.2007,https://www.bsu-bund.de//SharedDocs/pdf/EN/Investigation_Report/2007/Investigation_Report_607_06.pdf?__blob=publicationFile&v=2,"INVESTIGATION REPORT Into the SERIOUS MARINE CASUALTY Contact of a shipboard crane on MV ""WILMA"" Flag: Antigua and Barbuda W.I., IMO No.:9147679, Off. No.: 2376, Call Sign:V2AB2 with an overhead road bridge construction crossing the Kiel Kanal on December 07th, 2006",,,,,
01.10.2007,https://www.bsu-bund.de//SharedDocs/pdf/EN/Investigation_Report/2007/Investigation_Report_09_06.pdf?__blob=publicationFile&v=2,"Collision between MV TOR DANIA and the tug and tow EMS TUG on the river Elbe at 00:12 a.m. CET on January 10th, 2006",,,,,
01.10.2007,https://www.bsu-bund.de//SharedDocs/pdf/EN/Investigation_Report/2007/Investigation_Report_455_05.pdf?__blob=publicationFile&v=2,Grounding of CMS DORIA shortly after leaving Port Namibe (Republic of Angola) on 20 October 2005,,,,,
17.09.2007,https://www.bsu-bund.de//SharedDocs/pdf/EN/Investigation_Report/2007/Investigation_Report_474_06.pdf?__blob=publicationFile&v=2,Collision of CMV KLENODEN with CMV HANJIN CAIRO on 9 September 2006 in Hamburg,,,,,
03.09.2007,https://www.bsu-bund.de//SharedDocs/pdf/EN/Investigation_Report/2007/Investigation_Report_190_07.pdf?__blob=publicationFile&v=2,Personal injury accident on the MS EMUNA on 5 May 2007 at the South Quay in Brunsb체ttel,,,,,
15.08.2007,https://www.bsu-bund.de//SharedDocs/pdf/EN/Investigation_Report/2007/Investigation_Report_638_06.pdf?__blob=publicationFile&v=2,Serious Personal Injury on board MV MAIKE on 30 December 2006 off the Dutch Coast,,,,,
01.08.2007,https://www.bsu-bund.de//SharedDocs/pdf/EN/Investigation_Report/2007/Investigation_Report_476_06.pdf?__blob=publicationFile&v=2,Collision between MV SVEN and MV COMET on 18 November 2005 in the port of Hamburg,,,,,
01.08.2007,https://www.bsu-bund.de//SharedDocs/pdf/EN/Investigation_Report/2007/Investigation_Report_415_06.pdf?__blob=publicationFile&v=2,Capsizing of the Pilot Tender ELBE 3 while casting off from MV DELTA ST. PETERSBURG on 23 August 2006 north of Elbe Buoy (Elbetonne) 1,,,,,
01.07.2007,https://www.bsu-bund.de//SharedDocs/pdf/EN/Investigation_Report/2007/Investigation_Report_68_06.pdf?__blob=publicationFile&v=2,Person over board from fishing vessel BELEN on 23 January 2006 at approx. 20:00 h at position 57째41?쁍 and 014째07?쁗 north-west of Rockall,,,,,
01.06.2007,https://www.bsu-bund.de//SharedDocs/pdf/EN/Investigation_Report/2007/Investigation_Report_293_05.pdf?__blob=publicationFile&v=2,"Stranding of the Traditional Vessel ""ATLANTIC"" on 3 August 2005 in the Peenestrom at Buoy KR 11",,,,,
01.06.2007,https://www.bsu-bund.de//SharedDocs/pdf/EN/Investigation_Report/2007/Investigation_Report_306_05.pdf?__blob=publicationFile&v=2,"Foundering of the Motor Boat ""SEEHUND I"" on 9 August 2005 in the S체derpiep area in the North Sea off Eiderstedt",,,,,
15.05.2007,https://www.bsu-bund.de//SharedDocs/pdf/EN/Investigation_Report/2007/Investigation_Report_191_05.pdf?__blob=publicationFile&v=2,Loss Over Board of the Skipper SY ANDREA on 28 May 2005 in Swedish Waters Near Ell철s,,,,,
15.03.2007,https://www.bsu-bund.de//SharedDocs/pdf/EN/Investigation_Report/2007/Investigation_Report_149_05.pdf?__blob=publicationFile&v=2,Loss Over Board and Subsequent Death of the Skipper of SY INA 2 North of Wustrow on 1 May 2005,,,,,
15.03.2007,https://www.bsu-bund.de//SharedDocs/pdf/EN/Investigation_Report/2007/Investigation_Report_347_05.pdf?__blob=publicationFile&v=2,Collision of SY ALIADO and SY KATTEGAT in the Fairway of Rudk첩bing L첩b/DK on 25 July 2005,,,,,
01.03.2007,https://www.bsu-bund.de//SharedDocs/pdf/EN/Investigation_Report/2007/Investigation_Report_164_06.pdf?__blob=publicationFile&v=2,Accident involving personal injury on board the Traditional Vessel LISA VON L횥BECK in the port of Hel/Danzig on 19 April 2006,,,,,
15.02.2007,https://www.bsu-bund.de//SharedDocs/pdf/EN/Investigation_Report/2007/Investigation_Report_115_06.pdf?__blob=publicationFile&v=2,Collision of CMV NYK ESPIRITO with a quay wall at Hamburg on 27 March 2006,,,,,
01.02.2007,https://www.bsu-bund.de//SharedDocs/pdf/EN/Investigation_Report/2007/Investigation_Report_495_05.pdf?__blob=publicationFile&v=2,"Report on the investigation of the collision between Arctic Ocean and Maritime Lady, capsize of Maritime Lady and contact with wreck of Maritime Lady by Sunny Blossom, and its subsequent grounding in the Elbe River",,,,,
15.12.2006,https://www.bsu-bund.de//SharedDocs/pdf/EN/Investigation_Report/2006/Investigation_Report_187_05.pdf?__blob=publicationFile&v=2,Explosion and Fire on board CMV PUNJAB SENATOR in Hold No. 6 on 30 May 2005 on the way to Sri Lanka,,,,,
16.10.2006,https://www.bsu-bund.de//SharedDocs/pdf/EN/Investigation_Report/2006/Investigation_Report_465_05.pdf?__blob=publicationFile&v=2,Grounding of MV ILKA on 14 November 2005 over a Submarine Pipeline on the River Tay off Perth (UK),,,,,
01.05.2006,https://www.bsu-bund.de//SharedDocs/pdf/EN/Investigation_Report/2006/Investigation_Report_39_05.pdf?__blob=publicationFile&v=2,Collision of MT STOLT FULMAR with the ferry link span in Hamburg on 29 January 2005,,,,,
01.03.2006,https://www.bsu-bund.de//SharedDocs/pdf/EN/Investigation_Report/2006/Investigation_Report_18_04.zip?__blob=publicationFile&v=2,"Capsizing after grounding and death of 18 crew members of MV ROCKNES on 19 January 2004 in Vatlestraumen/sea area south of Bergen, South NorwayZip-File consisting ofInvestigation_Report_18_04.pdfAnnex_1.pdfAnnex_2.pdfAnnex_3.pdfAnnex_4 .pdf",,,,,
01.03.2006,https://www.bsu-bund.de//SharedDocs/pdf/EN/Investigation_Report/2006/Investigation_Report_126_05.pdf?__blob=publicationFile&v=2,Report on the investigation of the collision between Lykes Voyager and Washington Senator Taiwan Strait 8 April 2005,,,,,
15.02.2006,https://www.bsu-bund.de//SharedDocs/pdf/EN/Investigation_Report/2006/Investigation_Report_203_04.pdf?__blob=publicationFile&v=2,Foundering of SY ALLMIN and drowning of two sailors on 29 June 2004 east of R체gen,,,,,
15.02.2006,https://www.bsu-bund.de//SharedDocs/pdf/EN/Investigation_Report/2006/Investigation_Report_146_05.pdf?__blob=publicationFile&v=2,Fatal work accident on board MV WERDER BREMEN on 27 April 2005 in Santa Cruz de Tenerife,,,,,
01.02.2006,https://www.bsu-bund.de//SharedDocs/pdf/EN/Investigation_Report/2006/Investigation_Report_45_04.pdf?__blob=publicationFile&v=2,Collision between CMV COSCO HAMBURG and CMV P&O NEDLLOYD FINLAND on 01 March 2004 on the Lower Elbe/off Buoy 91 with the Death of one Seaman,,,,,
08.11.2005,https://www.bsu-bund.de//SharedDocs/pdf/EN/Investigation_Report/2005/Investigation_Report_155_04.pdf?__blob=publicationFile&v=2,Collision MV PUDONG SENATOR with MT ENA 2 and subsequent capsizing of MT ENA 2 on 28 June 2004in the Port of Hamburg Parkhafen Waltershofer Hafen and Petroleumhafen,,,,,
04.11.2005,https://www.bsu-bund.de//SharedDocs/pdf/EN/Investigation_Report/2005/Investigation_Report_181_04.pdf?__blob=publicationFile&v=2,Fatal accident of driveron CMS CMS CGM VERLAINE on11 July 2004 in Marsaxlokk (Malta),,,,,
15.09.2005,https://www.bsu-bund.de//SharedDocs/pdf/EN/Investigation_Report/2005/Investigation_Report_381_04.pdf?__blob=publicationFile&v=2,Capsizing and foundering of the Tug JULIUS with one fatality off Brunsb체ttel on 16 December 2004,,,,,
15.08.2005,https://www.bsu-bund.de//SharedDocs/pdf/EN/Investigation_Report/2005/Investigation_Report_371_04.pdf?__blob=publicationFile&v=2,Collision of MV MSC ILONA with MV HYUNDAI ADVANCE on 7 December 2004 off Hong Kong / China,,,,,
15.07.2005,https://www.bsu-bund.de//SharedDocs/pdf/EN/Investigation_Report/2005/Investigation_Report_343_04.pdf?__blob=publicationFile&v=2,Collision between MV RITHI BHUM and MV EASTERN CHALLENGER with subsequent foundering ...,,,,,
15.05.2005,https://www.bsu-bund.de//SharedDocs/pdf/EN/Investigation_Report/2005/Investigation_Report_134_04.pdf?__blob=publicationFile&v=2,Accident involving personal injury with fatal consequence on board MV Hamburg Express on 7 June 2004 off the French Atlantic Coast ...,,,,,
01.05.2005,https://www.bsu-bund.de//SharedDocs/pdf/EN/Investigation_Report/2005/Investigation_Report_240_04.pdf?__blob=publicationFile&v=2,Sinking of SY MADAME PELE and drowning of two sailors off Borkum on 26 August 2004,,,,,
01.03.2005,https://www.bsu-bund.de//SharedDocs/pdf/EN/Investigation_Report/2005/Investigation_Report_202_04.pdf?__blob=publicationFile&v=2,Explosion on board FC HARMONIE on 2 August 2004 off Baltrum,,,,,
21.02.2005,https://www.bsu-bund.de//SharedDocs/pdf/EN/Investigation_Report/2005/Investigation_Report_138_04.pdf?__blob=publicationFile&v=2,Collision of FV GRIETJE BOS with FV GRETJE GRE08 with one fatality near Borkum on 11 June 2004 at 02:32 h CEST ...,,,,,
01.02.2005,https://www.bsu-bund.de//SharedDocs/pdf/EN/Investigation_Report/2005/Investigation_Report_145_04.pdf?__blob=publicationFile&v=2,"Loss over board of Skipper of SY ALENA on 20 June 2004, southwest of Gedser",,,,,
01.11.2004,https://www.bsu-bund.de//SharedDocs/pdf/EN/Investigation_Report/2004/Investigation_Report_122_04.pdf?__blob=publicationFile&v=2,Loss over board of the skipper of SY RENI on 31 May 2004 in the Bay of Mecklenburg southeast of Fehmarn ...,,,,,
01.10.2004,https://www.bsu-bund.de//SharedDocs/pdf/EN/Investigation_Report/2004/Investigation_Report_3388_03.pdf?__blob=publicationFile&v=2,"Loss overboard of a yachtsman sailing on board SY LISA on 8 November 2003ast of Fehmarn at the buoy ""Staberhuk Ost""",,,,,
15.09.2004,https://www.bsu-bund.de//SharedDocs/pdf/EN/Investigation_Report/2004/Investigation_Report_382_03.pdf?__blob=publicationFile&v=2,Collision of MV BOUNDER with MV BBC SWEDEN in the Kiel Canal ...,,,,,
15.09.2004,https://www.bsu-bund.de//SharedDocs/pdf/EN/Investigation_Report/2004/Investigation_Report_330_03.pdf?__blob=publicationFile&v=2,Fatal eccident during welding in the engine-room workshop of MS DRESDEN EXPRESS ...,,,,,
01.09.2004,https://www.bsu-bund.de//SharedDocs/pdf/EN/Investigation_Report/2004/Investigation_Report_05_04.pdf?__blob=publicationFile&v=2,Carbon monoxide exposure of two crew members on MT SEATURBOT ...,,,,,
02.08.2004,https://www.bsu-bund.de//SharedDocs/pdf/EN/Investigation_Report/2004/Investigation_Report_315_03.pdf?__blob=publicationFile&v=2,Collision between MV GERMA and MV ESTCLIPPER in the Kiel Canal ...,,,,,
15.07.2004,https://www.bsu-bund.de//SharedDocs/pdf/EN/Investigation_Report/2004/Investigation_Report_350_03.pdf?__blob=publicationFile&v=2,"Very Serious Marine Casualty: Death of a crew member of ""MV AUTO ATLAS"" ...",,,,,
10.05.2004,https://www.bsu-bund.de//SharedDocs/pdf/EN/Investigation_Report/2004/Investigation_Report_213_02.pdf?__blob=publicationFile&v=2,"Marine Casualty: Collision CMV ""P&O NEDLLOYD"" and MT ""EBRO""",,,,,
03.05.2004,https://www.bsu-bund.de//SharedDocs/pdf/EN/Investigation_Report/2004/Investigation_Report_314_03.pdf?__blob=publicationFile&v=2,Serious back injury of a passenger in board HSC HALUNDER JET ...,,,,,
19.04.2004,https://www.bsu-bund.de//SharedDocs/pdf/EN/Investigation_Report/2004/Investigation_Report_156_03.pdf?__blob=publicationFile&v=2,Schwerer Collision between CMV IVORY STAR I and the Salvage Pontoons EUROPA and NUMAX ...,,,,,
01.04.2004,https://www.bsu-bund.de//SharedDocs/pdf/EN/Investigation_Report/2004/Investigation_Report_262_03.pdf?__blob=publicationFile&v=2,"Serious Marine Casualty: Rupture of the towing line (...) between VOC ""FRONTIER"" and Tug ""AXEL""",,,,,
20.03.2004,https://www.bsu-bund.de//SharedDocs/pdf/EN/Investigation_Report/2004/Investigation_Report_234_03.pdf?__blob=publicationFile&v=2,Foundering of SY DEERN following a collision with an unknown vessel nrtheast of R체gen,,,,,
05.03.2004,https://www.bsu-bund.de//SharedDocs/pdf/EN/Investigation_Report/2004/Investigation_Report_226_03.pdf?__blob=publicationFile&v=2,Foundering of FC NEPTUN on 30 July 2003 in the harbour entrance of Norddeich,,,,,
15.02.2004,https://www.bsu-bund.de//SharedDocs/pdf/EN/Investigation_Report/2004/Investigation_Report_54_04.pdf?__blob=publicationFile&v=2,Collision MV FALCON BAY with the Edgar-Engelhardt Quay and the K철hlbrandh철ft on 4 March 2003,,,,,
05.01.2004,https://www.bsu-bund.de//SharedDocs/pdf/EN/Investigation_Report/2004/Investigation_Report_88_03.pdf?__blob=publicationFile&v=2,Very Serious Marine Casualty: Fatal accident of the Second Nautical Officer on board MV PETUJA,,,,,
15.12.2003,https://www.bsu-bund.de//SharedDocs/pdf/EN/Investigation_Report/2003/Investigation_Report_198_02.pdf?__blob=publicationFile&v=2,Serious Marine Casualty: Collision CMV HONGKONG EXPRESS and SARAH GLORY,,,,,
15.09.2003,https://www.bsu-bund.de//SharedDocs/pdf/EN/Investigation_Report/2003/Investigation_Report_63_03.pdf?__blob=publicationFile&v=2,"Serious Marine Casualty: Collision Passenger Vessel ""SPIEKEROOG II"" with the Gandersum Flood Barrage",,,,,
15.09.2003,https://www.bsu-bund.de//SharedDocs/pdf/EN/Investigation_Report/2003/Investigation_Report_49_02.pdf?__blob=publicationFile&v=2,"Very Serious Casualty: Sinking of ""GOTLAND""",,,,,
01.08.2003,https://www.bsu-bund.de//SharedDocs/pdf/EN/Investigation_Report/2003/Investigation_Report_75_02.pdf?__blob=publicationFile&v=2,"Very Serious Marine Casualty: Sinking of MY ""TAUCHER""",,,,,
18.07.2003,https://www.bsu-bund.de//SharedDocs/pdf/EN/Investigation_Report/2003/Investigation_Report_19_03.pdf?__blob=publicationFile&v=2,"Serious Marine Casualty: Collision Container M/V ""VILLE D`ORION"" and M/V ""TOP GLORY""",,,,,
04.07.2003,https://www.bsu-bund.de//SharedDocs/pdf/EN/Investigation_Report/2003/Investigation_Report_40_03.pdf?__blob=publicationFile&v=2,"Serious Marine Casualty: Collision MV ""GINA-R."" - FC ""LIEBE""",,,,,
13.06.2003,https://www.bsu-bund.de//SharedDocs/pdf/EN/Investigation_Report/2003/Investigation_Report_32_02.pdf?__blob=publicationFile&v=2,Collision between Danish m/v UNO and German pushbarge DETTMER TANK,,,,,
02.06.2003,https://www.bsu-bund.de//SharedDocs/pdf/EN/Investigation_Report/2003/Investigation_Report_183_02.pdf?__blob=publicationFile&v=2,"Very serious maritime casualty: Sinking of the Fishing Vessel ""IRKA""",,,,,
15.05.2003,https://www.bsu-bund.de//SharedDocs/pdf/EN/Investigation_Report/2003/Investigation_Report_118_02.pdf?__blob=publicationFile&v=2,"Very Serious Marine Casualty: Sinking of MV ""Stadt Arnis""",,,,,
30.04.2003,https://www.bsu-bund.de//SharedDocs/pdf/EN/Investigation_Report/2003/Investigation_Report_179_02.pdf?__blob=publicationFile&v=2,"Very Serious Casualty: Collision MV ""HENNY"" and MV ""OOCL CANADA""",,,,,
01.01.2003,https://www.bsu-bund.de//SharedDocs/pdf/EN/Investigation_Report/2003/Investigation_Report_166_03.pdf?__blob=publicationFile&v=2,Serious Marine Casualty: Collision of MV FINNRUNNER with pier,,,,,